rl_loss/qf1_loss,rl_loss/qf2_loss,rl_loss/policy_loss,rl_loss/policy_entropy,rl_loss/alpha,z/env_steps,z/rollouts,z/rl_steps,metrics/return_eval_avg,metrics/total_steps_eval_avg,z/time_cost,z/fps
39.3162,39.216,4.0913,0.9181,0.1,,,,,,,
,,,,,4893,70,1000,-200.0,100.0,17,282.5782
22.4259,22.4557,8.9392,0.7028,0.1,,,,,,,
,,,,,7393,95,2000,-200.0,100.0,31,178.5262
12.7935,12.9326,12.4193,0.9038,0.1,,,,,,,
,,,,,9893,120,3000,-200.0,100.0,44,186.3036
10.6475,10.8039,14.8521,0.9069,0.1,,,,,,,
,,,,,12393,145,4000,-200.0,100.0,57,189.3499
8.65,8.8314,16.4938,1.0535,0.1,,,,,,,
,,,,,14893,170,5000,-200.0,100.0,71,187.2485
6.3904,6.4862,17.3927,1.0666,0.1,,,,,,,
,,,,,17393,195,6000,-200.0,100.0,84,189.5227
7.4267,7.5262,17.9764,1.1025,0.1,,,,,,,
,,,,,19893,220,7000,-200.0,100.0,97,189.3112
5.6486,5.7428,18.3296,1.0495,0.1,,,,,,,
,,,,,22393,245,8000,-200.0,100.0,111,186.6163
4.8161,4.7954,18.5178,1.0839,0.1,,,,,,,
,,,,,24893,270,9000,-200.0,100.0,124,185.0196
3.3552,3.3282,18.6581,1.1717,0.1,,,,,,,
,,,,,27393,295,10000,-200.0,100.0,138,184.333
3.033,2.9066,18.5725,1.1203,0.1,,,,,,,
,,,,,29893,320,11000,-200.0,100.0,151,185.1747
2.1417,1.8293,18.1729,0.934,0.1,,,,,,,
,,,,,32297,345,12000,-200.0,100.0,165,179.5843
2.0504,1.6886,17.2401,0.7471,0.1,,,,,,,
,,,,,34586,370,13000,-200.0,100.0,178,172.266
2.5399,1.9921,15.9986,0.4456,0.1,,,,,,,
,,,,,36317,395,14000,-55.8,34.9,189,155.642
2.5527,1.7362,14.7715,0.2135,0.1,,,,,,,
,,,,,37701,420,15000,-97.0,53.5,200,124.88
1.9704,1.367,14.0329,0.1953,0.1,,,,,,,
1.4267,0.9098,13.4342,0.1686,0.1,,,,,,,
1.3785,0.7584,12.7732,0.2983,0.1,,,,,,,
,,,,,40739,495,18000,-127.9,67.45,230,101.8293
0.8314,0.6419,12.215,0.3591,0.1,,,,,,,
0.988,0.7025,12.1556,0.4993,0.1,,,,,,,
,,,,,43600,545,20000,-97.0,53.5,251,136.3847
0.9719,1.0983,12.1666,0.5663,0.1,,,,,,,
,,,,,45170,570,21000,-148.5,76.75,263,132.8217
0.7488,1.0652,9.8098,0.2695,0.1,,,,,,,
0.4317,0.8486,6.364,0.0056,0.1,,,,,,,
0.2945,0.6453,3.4552,0.0007,0.1,,,,,,,
0.1079,0.0545,0.2707,0.0004,0.1,,,,,,,
0.0145,0.0191,-3.2737,0.0002,0.1,,,,,,,
0.0089,0.0124,-4.9064,0.0001,0.1,,,,,,,
0.0044,0.0054,-5.2113,0.0001,0.1,,,,,,,
0.0106,0.0125,-5.2775,0.0,0.1,,,,,,,
0.007,0.0081,-5.2914,0.0,0.1,,,,,,,
,,,,,47583,795,30000,6.0,7.0,339,31.5225
0.0115,0.0153,-5.3416,0.0001,0.1,,,,,,,
0.0111,0.0172,-5.3518,0.0,0.1,,,,,,,
0.0061,0.0127,-5.3153,0.0,0.1,,,,,,,
0.0053,0.0047,-5.3397,0.0,0.1,,,,,,,
0.0094,0.0086,-5.3254,0.0,0.1,,,,,,,
0.0028,0.005,-5.3813,0.0,0.1,,,,,,,
0.0061,0.0064,-5.4779,0.0,0.1,,,,,,,
0.0057,0.0069,-5.4544,0.0,0.1,,,,,,,
0.0047,0.0079,-5.4486,0.0,0.1,,,,,,,
0.0045,0.008,-5.4416,0.0,0.1,,,,,,,
0.0045,0.0049,-5.4618,0.0,0.1,,,,,,,
0.0053,0.0021,-5.4705,0.0,0.1,,,,,,,
0.0052,0.0093,-5.4574,0.0,0.1,,,,,,,
0.0032,0.0013,-5.4722,0.0,0.1,,,,,,,
,,,,,50033,1145,44000,6.0,7.0,456,20.9093
0.0041,0.0052,-5.4865,0.0,0.1,,,,,,,
0.0065,0.0091,-5.4528,0.0,0.1,,,,,,,
0.0028,0.0033,-5.4526,0.0,0.1,,,,,,,
0.0057,0.0067,-5.4896,0.0,0.1,,,,,,,
0.0023,0.0038,-5.5481,0.0,0.1,,,,,,,
0.0027,0.0047,-5.4568,0.0,0.1,,,,,,,
0.008,0.0059,-5.4688,0.0,0.1,,,,,,,
0.0014,0.0026,-5.5484,0.0,0.1,,,,,,,
0.0066,0.0068,-5.6034,0.0,0.1,,,,,,,
0.0046,0.0054,-5.5694,0.0,0.1,,,,,,,
0.003,0.0049,-5.5492,0.0,0.1,,,,,,,
0.0038,0.0057,-5.6,0.0,0.1,,,,,,,
0.0029,0.0041,-5.5904,0.0,0.1,,,,,,,
0.0054,0.0067,-5.6513,0.0,0.1,,,,,,,
0.0041,0.0048,-5.6239,0.0,0.1,,,,,,,
,,,,,52658,1520,59000,6.0,7.0,582,20.8654
0.0024,0.0022,-5.607,0.0,0.1,,,,,,,
0.0037,0.0052,-5.6229,0.0,0.1,,,,,,,
0.0054,0.0067,-5.5862,0.0,0.1,,,,,,,
0.003,0.0046,-5.6643,0.0,0.1,,,,,,,
0.0065,0.0058,-5.6673,0.0001,0.1,,,,,,,
0.0046,0.0074,-5.664,0.0,0.1,,,,,,,
0.0036,0.0022,-5.7154,0.0,0.1,,,,,,,
0.0057,0.0084,-5.6296,0.0,0.1,,,,,,,
0.0006,0.0003,-5.6148,0.0,0.1,,,,,,,
0.0049,0.0016,-5.681,0.0,0.1,,,,,,,
0.0046,0.0105,-5.7251,0.0,0.1,,,,,,,
0.0027,0.004,-5.7202,0.0,0.1,,,,,,,
0.0033,0.0036,-5.6563,0.0,0.1,,,,,,,
0.0035,0.0026,-5.7305,0.0,0.1,,,,,,,
,,,,,55108,1870,73000,6.0,7.0,699,20.91
0.0046,0.0066,-5.6855,0.0,0.1,,,,,,,
0.0021,0.0019,-5.733,0.0,0.1,,,,,,,
0.0026,0.0018,-5.7672,0.0,0.1,,,,,,,
0.0055,0.0101,-5.7547,0.0,0.1,,,,,,,
0.0011,0.0056,-5.751,0.0,0.1,,,,,,,
0.0065,0.0034,-5.7323,0.0,0.1,,,,,,,
0.001,0.0023,-5.8547,0.0,0.1,,,,,,,
0.0081,0.0087,-5.7869,0.0,0.1,,,,,,,
0.0006,0.0021,-5.8773,0.0,0.1,,,,,,,
0.0057,0.0067,-5.8369,0.0,0.1,,,,,,,
0.0045,0.004,-5.7826,0.0,0.1,,,,,,,
0.001,0.0027,-5.836,0.0,0.1,,,,,,,
0.0049,0.0045,-5.8462,0.0,0.1,,,,,,,
0.0036,0.005,-5.7955,0.0,0.1,,,,,,,
,,,,,57558,2220,87000,6.0,7.0,817,20.8903
0.074,0.0773,-5.8379,0.0001,0.1,,,,,,,
0.0017,0.0017,-5.8244,0.0,0.1,,,,,,,
0.0022,0.0002,-5.8337,0.0,0.1,,,,,,,
0.003,0.009,-5.827,0.0,0.1,,,,,,,
0.0023,0.0007,-5.9245,0.0,0.1,,,,,,,
0.005,0.0068,-5.9106,0.0,0.1,,,,,,,
0.0013,0.002,-5.8695,0.0,0.1,,,,,,,
0.0073,0.0065,-5.8862,0.0,0.1,,,,,,,
0.0011,0.0044,-5.928,0.0,0.1,,,,,,,
0.0039,0.0038,-5.8814,0.0,0.1,,,,,,,
0.0024,0.0021,-5.8673,0.0,0.1,,,,,,,
0.0048,0.0065,-5.8848,0.0,0.1,,,,,,,
0.0031,0.0054,-5.8804,0.0,0.1,,,,,,,
0.0011,0.0022,-5.9071,0.0,0.1,,,,,,,
,,,,,60008,2570,101000,6.0,7.0,934,20.8623
0.0019,0.0015,-5.9216,0.0,0.1,,,,,,,
0.0049,0.0076,-5.9465,0.0,0.1,,,,,,,
0.0052,0.0016,-5.9804,0.0,0.1,,,,,,,
0.0023,0.0085,-5.9234,0.0,0.1,,,,,,,
0.0036,0.0014,-5.9278,0.0,0.1,,,,,,,
0.003,0.005,-5.9359,0.0,0.1,,,,,,,
0.0019,0.005,-6.0151,0.0,0.1,,,,,,,
0.0041,0.0035,-6.0198,0.0,0.1,,,,,,,
0.003,0.0049,-5.993,0.0,0.1,,,,,,,
0.004,0.0003,-5.9594,0.0,0.1,,,,,,,
0.0023,0.0069,-6.032,0.0,0.1,,,,,,,
0.0043,0.0032,-5.9701,0.0,0.1,,,,,,,
0.0033,0.0078,-6.0128,0.0,0.1,,,,,,,
0.0018,0.002,-5.9886,0.0,0.1,,,,,,,
0.0059,0.0045,-6.0442,0.0,0.1,,,,,,,
,,,,,62633,2945,116000,6.0,7.0,1054,21.8655
0.0025,0.0042,-6.0726,0.0,0.1,,,,,,,
0.0038,0.0026,-6.062,0.0,0.1,,,,,,,
0.0022,0.0068,-5.9867,0.0,0.1,,,,,,,
0.0062,0.0066,-6.1346,0.0,0.1,,,,,,,
0.0012,0.0011,-6.072,0.0,0.1,,,,,,,
0.0049,0.0041,-6.0159,0.0,0.1,,,,,,,
0.0042,0.0057,-6.028,0.0,0.1,,,,,,,
0.0025,0.0043,-6.11,0.0,0.1,,,,,,,
0.0026,0.0025,-6.0665,0.0,0.1,,,,,,,
0.0044,0.0048,-6.1015,0.0,0.1,,,,,,,
0.002,0.002,-6.1337,0.0,0.1,,,,,,,
0.0027,0.0038,-6.089,0.0,0.1,,,,,,,
0.0041,0.0055,-6.0737,0.0,0.1,,,,,,,
0.0035,0.0062,-6.105,0.0,0.1,,,,,,,
,,,,,65083,3295,130000,6.0,7.0,1166,21.8107
0.0033,0.0027,-6.0808,0.0,0.1,,,,,,,
0.0022,0.0028,-6.1032,0.0,0.1,,,,,,,
0.0047,0.006,-6.1511,0.0,0.1,,,,,,,
0.0012,0.0027,-6.1572,0.0,0.1,,,,,,,
0.0045,0.0061,-6.1084,0.0,0.1,,,,,,,
0.0028,0.0031,-6.1317,0.0,0.1,,,,,,,
0.0045,0.0044,-6.184,0.0,0.1,,,,,,,
0.0017,0.0041,-6.1028,0.0,0.1,,,,,,,
0.0035,0.0021,-6.1535,0.0,0.1,,,,,,,
0.0042,0.007,-6.1538,0.0,0.1,,,,,,,
0.0014,0.0017,-6.1571,0.0,0.1,,,,,,,
0.0049,0.0052,-6.1852,0.0,0.1,,,,,,,
0.0016,0.0027,-6.1893,0.0,0.1,,,,,,,
0.0016,0.0031,-6.1899,0.0,0.1,,,,,,,
,,,,,67533,3645,144000,6.0,7.0,1283,21.0922
0.339,0.339,-6.1987,0.0004,0.1,,,,,,,
0.0046,0.0032,-6.1145,0.0,0.1,,,,,,,
0.0069,0.0045,-6.1268,0.0,0.1,,,,,,,
0.0048,0.0043,-6.1386,0.0,0.1,,,,,,,
0.002,0.0015,-6.1899,0.0,0.1,,,,,,,
0.0624,0.0557,-6.2982,0.0,0.1,,,,,,,
0.0167,0.0115,-6.3121,0.0,0.1,,,,,,,
0.0017,0.002,-6.2253,0.0,0.1,,,,,,,
0.0016,0.0027,-6.1819,0.0,0.1,,,,,,,
0.0045,0.0061,-6.1866,0.0,0.1,,,,,,,
0.0011,0.0029,-6.2036,0.0,0.1,,,,,,,
0.004,0.0049,-6.2556,0.0,0.1,,,,,,,
0.0031,0.0053,-6.233,0.0,0.1,,,,,,,
0.002,0.0013,-6.2898,0.0,0.1,,,,,,,
0.0052,0.0049,-6.2684,0.0,0.1,,,,,,,
,,,,,70158,4020,159000,6.0,7.0,1408,20.9727
0.0014,0.004,-6.317,0.0,0.1,,,,,,,
0.0054,0.0043,-6.2313,0.0,0.1,,,,,,,
0.0022,0.0021,-6.3247,0.0,0.1,,,,,,,
0.0043,0.0062,-6.2802,0.0,0.1,,,,,,,
0.001,0.001,-6.3164,0.0,0.1,,,,,,,
0.0024,0.0047,-6.3088,0.0,0.1,,,,,,,
0.0034,0.0061,-6.3189,0.0,0.1,,,,,,,
0.0023,0.0027,-6.2876,0.0,0.1,,,,,,,
0.0041,0.0035,-6.2857,0.0,0.1,,,,,,,
0.0013,0.0008,-6.2974,0.0,0.1,,,,,,,
0.0042,0.0071,-6.3173,0.0,0.1,,,,,,,
0.0014,0.0017,-6.2977,0.0,0.1,,,,,,,
0.0043,0.0053,-6.3295,0.0,0.1,,,,,,,
0.004,0.0033,-6.3342,0.0,0.1,,,,,,,
,,,,,72608,4370,173000,6.0,7.0,1526,20.6495
0.0016,0.0045,-6.2489,0.0,0.1,,,,,,,
0.0027,0.0014,-6.342,0.0,0.1,,,,,,,
0.0042,0.0026,-6.3443,0.0,0.1,,,,,,,
0.0009,0.0057,-6.3965,0.0,0.1,,,,,,,
0.0037,0.0039,-6.345,0.0,0.1,,,,,,,
0.001,0.0011,-6.4109,0.0,0.1,,,,,,,
0.0056,0.006,-6.3996,0.0,0.1,,,,,,,
0.001,0.0008,-6.4728,0.0,0.1,,,,,,,
0.0047,0.0057,-6.3915,0.0,0.1,,,,,,,
0.002,0.0035,-6.424,0.0,0.1,,,,,,,
0.005,0.0067,-6.3944,0.0,0.1,,,,,,,
0.0014,0.0028,-6.4217,0.0,0.1,,,,,,,
0.0023,0.003,-6.4132,0.0,0.1,,,,,,,
0.0037,0.0022,-6.4107,0.0,0.1,,,,,,,
,,,,,75058,4720,187000,6.0,7.0,1646,20.5361
0.0032,0.0072,-6.4524,0.0,0.1,,,,,,,
0.0021,0.001,-6.3943,0.0,0.1,,,,,,,
0.0039,0.0049,-6.3982,0.0,0.1,,,,,,,
0.0023,0.0035,-6.4449,0.0,0.1,,,,,,,
0.0034,0.0021,-6.49,0.0,0.1,,,,,,,
0.0025,0.0044,-6.4118,0.0,0.1,,,,,,,
0.0036,0.0019,-6.4136,0.0,0.1,,,,,,,
0.0013,0.0021,-6.4368,0.0,0.1,,,,,,,
0.0041,0.0052,-6.4231,0.0,0.1,,,,,,,
0.0025,0.0046,-6.383,0.0,0.1,,,,,,,
0.0035,0.0041,-6.4595,0.0,0.1,,,,,,,
0.001,0.0012,-6.4235,0.0,0.1,,,,,,,
0.0053,0.0038,-6.4723,0.0,0.1,,,,,,,
0.0015,0.0054,-6.4669,0.0,0.1,,,,,,,
,,,,,77508,5070,201000,6.0,7.0,1764,20.6484
0.0028,0.0007,-6.5247,0.0,0.1,,,,,,,
0.0026,0.0011,-6.4671,0.0,0.1,,,,,,,
0.0032,0.006,-6.5069,0.0,0.1,,,,,,,
0.0023,0.0019,-6.4694,0.0,0.1,,,,,,,
0.0051,0.0041,-6.4655,0.0,0.1,,,,,,,
0.0005,0.0016,-6.5559,0.0,0.1,,,,,,,
0.0043,0.006,-6.4588,0.0,0.1,,,,,,,
0.0021,0.002,-6.5103,0.0,0.1,,,,,,,
0.0036,0.0046,-6.4808,0.0,0.1,,,,,,,
0.0011,0.0008,-6.5979,0.0,0.1,,,,,,,
0.0025,0.0042,-6.5261,0.0,0.1,,,,,,,
0.0042,0.0028,-6.5488,0.0,0.1,,,,,,,
0.0022,0.0031,-6.4975,0.0,0.1,,,,,,,
0.0021,0.0057,-6.4984,0.0,0.1,,,,,,,
0.0028,0.0013,-6.5313,0.0,0.1,,,,,,,
,,,,,80133,5445,216000,6.0,7.0,1890,20.9212
0.0041,0.0014,-6.5055,0.0,0.1,,,,,,,
0.0019,0.0051,-6.4991,0.0,0.1,,,,,,,
0.0026,0.0022,-6.5517,0.0,0.1,,,,,,,
0.0033,0.0033,-6.5317,0.0,0.1,,,,,,,
0.0025,0.0032,-6.494,0.0,0.1,,,,,,,
0.0042,0.0039,-6.5372,0.0,0.1,,,,,,,
0.0018,0.003,-6.613,0.0,0.1,,,,,,,
0.0022,0.0027,-6.5849,0.0,0.1,,,,,,,
0.0026,0.0026,-6.5702,0.0,0.1,,,,,,,
0.0042,0.0047,-6.5304,0.0,0.1,,,,,,,
0.0027,0.0037,-6.6203,0.0,0.1,,,,,,,
0.0011,0.003,-6.5924,0.0,0.1,,,,,,,
0.0008,0.0008,-6.6012,0.0,0.1,,,,,,,
0.0052,0.0046,-6.6085,0.0,0.1,,,,,,,
,,,,,82583,5795,230000,6.0,7.0,2007,20.8981
0.0019,0.0044,-6.6605,0.0,0.1,,,,,,,
0.0024,0.0016,-6.537,0.0,0.1,,,,,,,
0.0036,0.0036,-6.5297,0.0,0.1,,,,,,,
0.0016,0.0037,-6.6255,0.0,0.1,,,,,,,
0.0028,0.0017,-6.6141,0.0,0.1,,,,,,,
0.0024,0.0027,-6.6252,0.0,0.1,,,,,,,
0.0021,0.0034,-6.5895,0.0,0.1,,,,,,,
0.0027,0.0034,-6.6058,0.0,0.1,,,,,,,
0.0028,0.0037,-6.6083,0.0,0.1,,,,,,,
0.002,0.001,-6.5991,0.0,0.1,,,,,,,
0.0012,0.0012,-6.63,0.0,0.1,,,,,,,
0.0061,0.0079,-6.5776,0.0,0.1,,,,,,,
0.0008,0.0011,-6.6457,0.0,0.1,,,,,,,
0.0038,0.0047,-6.6213,0.0,0.1,,,,,,,
,,,,,85033,6145,244000,6.0,7.0,2124,20.9376
0.002,0.0013,-6.6568,0.0,0.1,,,,,,,
0.0031,0.0042,-6.6109,0.0,0.1,,,,,,,
0.0019,0.0008,-6.6412,0.0,0.1,,,,,,,
0.0019,0.0032,-6.6342,0.0,0.1,,,,,,,
0.0028,0.0033,-6.647,0.0,0.1,,,,,,,
0.0018,0.0014,-6.656,0.0,0.1,,,,,,,
0.0033,0.0055,-6.5733,0.0,0.1,,,,,,,
0.003,0.0025,-6.6512,0.0,0.1,,,,,,,
0.0021,0.0015,-6.6828,0.0,0.1,,,,,,,
0.0019,0.0023,-6.6316,0.0,0.1,,,,,,,
0.0036,0.0046,-6.7075,0.0,0.1,,,,,,,
0.0012,0.0014,-6.6931,0.0,0.1,,,,,,,
0.0033,0.0038,-6.6442,0.0,0.1,,,,,,,
0.003,0.0043,-6.7192,0.0,0.1,,,,,,,
0.0006,0.0026,-6.6907,0.0,0.1,,,,,,,
,,,,,87658,6520,259000,6.0,7.0,2250,20.9183
0.002,0.0017,-6.6707,0.0,0.1,,,,,,,
0.0049,0.003,-6.6697,0.0,0.1,,,,,,,
0.001,0.0046,-6.6765,0.0,0.1,,,,,,,
0.0007,0.0006,-6.6765,0.0,0.1,,,,,,,
0.004,0.0052,-6.6806,0.0,0.1,,,,,,,
0.0041,0.0043,-6.7006,0.0,0.1,,,,,,,
0.0013,0.0017,-6.7242,0.0,0.1,,,,,,,
0.0036,0.0047,-6.6794,0.0,0.1,,,,,,,
0.0022,0.002,-6.683,0.0,0.1,,,,,,,
0.0025,0.004,-6.7091,0.0,0.1,,,,,,,
0.0035,0.0044,-6.7532,0.0,0.1,,,,,,,
0.0009,0.0017,-6.7011,0.0,0.1,,,,,,,
0.0016,0.0015,-6.7065,0.0,0.1,,,,,,,
0.0031,0.0057,-6.7091,0.0,0.1,,,,,,,
,,,,,90108,6870,273000,6.0,7.0,2367,20.9561
0.0029,0.0028,-6.698,0.0,0.1,,,,,,,
0.0027,0.0017,-6.7773,0.0,0.1,,,,,,,
0.0029,0.0033,-6.694,0.0,0.1,,,,,,,
0.0021,0.0007,-6.7929,0.0,0.1,,,,,,,
0.0027,0.004,-6.7122,0.0,0.1,,,,,,,
0.002,0.0028,-6.7872,0.0,0.1,,,,,,,
0.0024,0.0024,-6.7855,0.0,0.1,,,,,,,
0.0036,0.0012,-6.7514,0.0,0.1,,,,,,,
0.0016,0.0055,-6.7482,0.0,0.1,,,,,,,
0.0031,0.0017,-6.7422,0.0,0.1,,,,,,,
0.0008,0.0011,-6.7756,0.0,0.1,,,,,,,
0.0044,0.0054,-6.816,0.0,0.1,,,,,,,
0.001,0.0009,-6.7327,0.0,0.1,,,,,,,
0.0029,0.0037,-6.7514,0.0,0.1,,,,,,,
,,,,,92558,7220,287000,6.0,7.0,2484,20.91
0.0016,0.0011,-6.757,0.0,0.1,,,,,,,
0.0018,0.0023,-6.8063,0.0,0.1,,,,,,,
0.0032,0.004,-6.7578,0.0,0.1,,,,,,,
0.0027,0.0021,-6.7128,0.0,0.1,,,,,,,
0.0023,0.0043,-6.7225,0.0,0.1,,,,,,,
0.0013,0.001,-6.8187,0.0,0.1,,,,,,,
0.0045,0.0032,-6.7762,0.0,0.1,,,,,,,
0.0007,0.0018,-6.8649,0.0,0.1,,,,,,,
0.0027,0.0027,-6.7519,0.0,0.1,,,,,,,
0.0031,0.0034,-6.8182,0.0,0.1,,,,,,,
0.0014,0.0016,-6.8428,0.0,0.1,,,,,,,
0.0023,0.002,-6.748,0.0,0.1,,,,,,,
0.0032,0.0032,-6.766,0.0,0.1,,,,,,,
0.0011,0.002,-6.7657,0.0,0.1,,,,,,,
,,,,,95008,7570,301000,6.0,7.0,2601,20.8846
0.0037,0.0037,-6.7914,0.0,0.1,,,,,,,
0.0018,0.0024,-6.8307,0.0,0.1,,,,,,,
0.0008,0.0007,-6.8335,0.0,0.1,,,,,,,
0.0035,0.0039,-6.8171,0.0,0.1,,,,,,,
0.0021,0.002,-6.8264,0.0,0.1,,,,,,,
0.0023,0.0036,-6.7816,0.0,0.1,,,,,,,
0.0013,0.0016,-6.818,0.0,0.1,,,,,,,
0.0024,0.0018,-6.8471,0.0,0.1,,,,,,,
0.0014,0.0015,-6.8599,0.0,0.1,,,,,,,
0.005,0.0052,-6.8753,0.0,0.1,,,,,,,
0.0015,0.0012,-6.8438,0.0,0.1,,,,,,,
0.0031,0.0028,-6.8401,0.0,0.1,,,,,,,
0.0015,0.0031,-6.7853,0.0,0.1,,,,,,,
0.0028,0.0025,-6.8557,0.0,0.1,,,,,,,
0.0011,0.0012,-6.8914,0.0,0.1,,,,,,,
,,,,,97633,7945,316000,6.0,7.0,2726,20.9346
0.0027,0.0036,-6.8513,0.0,0.1,,,,,,,
0.0026,0.0021,-6.8465,0.0,0.1,,,,,,,
0.001,0.0004,-6.8224,0.0,0.1,,,,,,,
0.0034,0.0055,-6.7836,0.0,0.1,,,,,,,
0.0017,0.0007,-6.8425,0.0,0.1,,,,,,,
0.0028,0.0024,-6.9109,0.0,0.1,,,,,,,
0.0018,0.0021,-6.8296,0.0,0.1,,,,,,,
0.0031,0.0029,-6.8164,0.0,0.1,,,,,,,
0.0019,0.0019,-6.8782,0.0,0.1,,,,,,,
0.0014,0.002,-6.8337,0.0,0.1,,,,,,,
0.0036,0.0031,-6.8679,0.0,0.1,,,,,,,
0.0014,0.0032,-6.8797,0.0,0.1,,,,,,,
0.0026,0.0014,-6.894,0.0,0.1,,,,,,,
0.0028,0.0017,-6.9134,0.0,0.1,,,,,,,
,,,,,100083,8295,330000,6.0,7.0,2844,20.8767
0.0027,0.003,-6.8802,0.0,0.1,,,,,,,
0.0011,0.0033,-6.8846,0.0,0.1,,,,,,,
0.0041,0.0036,-6.8697,0.0,0.1,,,,,,,
0.0022,0.0018,-6.8697,0.0,0.1,,,,,,,
0.0018,0.0016,-6.8914,0.0,0.1,,,,,,,
0.0022,0.0025,-6.9307,0.0,0.1,,,,,,,
0.0017,0.0033,-6.9173,0.0,0.1,,,,,,,
0.0019,0.0018,-6.9045,0.0,0.1,,,,,,,
0.0037,0.0027,-6.9274,0.0,0.1,,,,,,,
0.0017,0.0034,-6.937,0.0,0.1,,,,,,,
0.0014,0.0014,-6.9013,0.0,0.1,,,,,,,
0.0031,0.0025,-6.9322,0.0,0.1,,,,,,,
0.0032,0.0024,-6.9503,0.0,0.1,,,,,,,
0.0021,0.0022,-6.9423,0.0,0.1,,,,,,,
,,,,,102533,8645,344000,6.0,7.0,2961,20.8576
0.0008,0.0012,-6.9368,0.0,0.1,,,,,,,
0.0026,0.0024,-6.9599,0.0,0.1,,,,,,,
0.0043,0.0033,-6.9466,0.0,0.1,,,,,,,
0.0019,0.0023,-6.949,0.0,0.1,,,,,,,
0.0017,0.0015,-6.8854,0.0,0.1,,,,,,,
0.0021,0.0032,-6.8808,0.0,0.1,,,,,,,
0.0017,0.0015,-6.8981,0.0,0.1,,,,,,,
0.0032,0.0027,-6.8876,0.0,0.1,,,,,,,
0.0012,0.0016,-7.0038,0.0,0.1,,,,,,,
0.0026,0.0018,-6.9373,0.0,0.1,,,,,,,
0.0033,0.0039,-6.9559,0.0,0.1,,,,,,,
0.0011,0.0016,-7.0133,0.0,0.1,,,,,,,
0.0025,0.003,-6.9304,0.0,0.1,,,,,,,
0.0025,0.0019,-6.951,0.0,0.1,,,,,,,
0.0011,0.0016,-6.9754,0.0,0.1,,,,,,,
,,,,,105158,9020,359000,6.0,7.0,3087,20.9319
0.0019,0.0015,-6.963,0.0,0.1,,,,,,,
0.0036,0.0027,-6.9668,0.0,0.1,,,,,,,
0.0017,0.0024,-6.9607,0.0,0.1,,,,,,,
0.0024,0.0024,-6.9495,0.0,0.1,,,,,,,
0.0024,0.002,-6.9775,0.0,0.1,,,,,,,
0.0016,0.0025,-6.9352,0.0,0.1,,,,,,,
0.0029,0.0013,-6.9903,0.0,0.1,,,,,,,
0.0026,0.0016,-6.9449,0.0,0.1,,,,,,,
0.0026,0.0051,-6.9461,0.0,0.1,,,,,,,
0.0018,0.0008,-6.9783,0.0,0.1,,,,,,,
0.0027,0.0033,-6.9139,0.0,0.1,,,,,,,
0.0019,0.0019,-6.975,0.0,0.1,,,,,,,
0.0029,0.0024,-6.9718,0.0,0.1,,,,,,,
0.0014,0.0023,-6.9251,0.0,0.1,,,,,,,
,,,,,107608,9370,373000,6.0,7.0,3204,20.9287
0.0031,0.0016,-7.0241,0.0,0.1,,,,,,,
0.0008,0.0024,-7.0088,0.0,0.1,,,,,,,
0.0028,0.0015,-6.9978,0.0,0.1,,,,,,,
0.0027,0.0039,-6.9804,0.0,0.1,,,,,,,
0.0025,0.0024,-6.9716,0.0,0.1,,,,,,,
0.002,0.0005,-7.0146,0.0,0.1,,,,,,,
0.0046,0.0028,-7.0168,0.0,0.1,,,,,,,
0.0007,0.0038,-7.01,0.0,0.1,,,,,,,
0.0019,0.0036,-7.0548,0.0,0.1,,,,,,,
0.0035,0.0007,-6.9993,0.0,0.1,,,,,,,
0.0017,0.0023,-6.991,0.0,0.1,,,,,,,
0.0016,0.0009,-7.0577,0.0,0.1,,,,,,,
0.0028,0.0024,-7.0715,0.0,0.1,,,,,,,
0.0009,0.0028,-6.9728,0.0,0.1,,,,,,,
,,,,,110058,9720,387000,6.0,7.0,3321,20.9104
0.0037,0.0016,-7.0307,0.0,0.1,,,,,,,
0.002,0.0023,-7.0322,0.0,0.1,,,,,,,
0.0026,0.0032,-6.9811,0.0,0.1,,,,,,,
0.0017,0.0016,-6.9619,0.0,0.1,,,,,,,
0.0026,0.0027,-6.9697,0.0,0.1,,,,,,,
0.0013,0.001,-7.0714,0.0,0.1,,,,,,,
0.0016,0.0024,-7.0679,0.0,0.1,,,,,,,
0.0024,0.0016,-7.0351,0.0,0.1,,,,,,,
0.0021,0.0016,-7.0079,0.0,0.1,,,,,,,
0.0029,0.0029,-7.035,0.0,0.1,,,,,,,
0.0015,0.0022,-7.0046,0.0,0.1,,,,,,,
0.0028,0.0025,-7.064,0.0,0.1,,,,,,,
0.001,0.0015,-6.9519,0.0,0.1,,,,,,,
0.0021,0.0014,-7.0554,0.0,0.1,,,,,,,
,,,,,112508,10070,401000,6.0,7.0,3438,20.9246
0.002,0.0025,-7.0889,0.0,0.1,,,,,,,
0.0031,0.0027,-7.0548,0.0,0.1,,,,,,,
0.0006,0.0006,-7.06,0.0,0.1,,,,,,,
0.0023,0.0019,-7.0389,0.0,0.1,,,,,,,
0.0034,0.0037,-7.0797,0.0,0.1,,,,,,,
0.0019,0.0016,-7.1233,0.0,0.1,,,,,,,
0.0018,0.0011,-7.0867,0.0,0.1,,,,,,,
0.0017,0.0019,-7.0447,0.0,0.1,,,,,,,
0.0032,0.0022,-7.0399,0.0,0.1,,,,,,,
0.0016,0.0015,-7.1174,0.0,0.1,,,,,,,
0.0023,0.0023,-7.0971,0.0,0.1,,,,,,,
0.0024,0.0019,-7.0348,0.0,0.1,,,,,,,
0.0008,0.001,-7.0562,0.0,0.1,,,,,,,
0.0034,0.0031,-7.0941,0.0,0.1,,,,,,,
0.0015,0.0013,-7.0899,0.0,0.1,,,,,,,
,,,,,115133,10445,416000,6.0,7.0,3563,20.9576
0.0027,0.0034,-7.1098,0.0,0.1,,,,,,,
0.0026,0.0007,-7.1049,0.0,0.1,,,,,,,
0.0011,0.0008,-7.0679,0.0,0.1,,,,,,,
0.0015,0.0025,-7.1119,0.0,0.1,,,,,,,
0.0036,0.0023,-7.0755,0.0,0.1,,,,,,,
0.0008,0.0012,-7.0396,0.0,0.1,,,,,,,
0.0016,0.002,-7.0737,0.0,0.1,,,,,,,
0.0035,0.0038,-7.1124,0.0,0.1,,,,,,,
0.0006,0.0005,-7.0908,0.0,0.1,,,,,,,
0.0022,0.0017,-7.079,0.0,0.1,,,,,,,
0.0031,0.0031,-7.129,0.0,0.1,,,,,,,
0.0011,0.0012,-7.1132,0.0,0.1,,,,,,,
0.0021,0.0014,-7.1089,0.0,0.1,,,,,,,
0.0028,0.0033,-7.1298,0.0,0.1,,,,,,,
,,,,,117583,10795,430000,6.0,7.0,3680,21.0319
0.0008,0.0008,-7.105,0.0,0.1,,,,,,,
0.0037,0.0029,-7.1181,0.0,0.1,,,,,,,
0.0016,0.0009,-7.1198,0.0,0.1,,,,,,,
0.0011,0.0012,-7.096,0.0,0.1,,,,,,,
0.0026,0.003,-7.0972,0.0,0.1,,,,,,,
0.0029,0.0021,-7.1179,0.0,0.1,,,,,,,
0.0014,0.002,-7.1413,0.0,0.1,,,,,,,
0.0011,0.0009,-7.1827,0.0,0.1,,,,,,,
0.0036,0.0028,-7.079,0.0,0.1,,,,,,,
0.0009,0.001,-7.1196,0.0,0.1,,,,,,,
0.0013,0.0009,-7.1444,0.0,0.1,,,,,,,
0.0037,0.004,-7.1512,0.0,0.1,,,,,,,
0.0025,0.0019,-7.1274,0.0,0.1,,,,,,,
0.0014,0.0014,-7.1368,0.0,0.1,,,,,,,
,,,,,120033,11145,444000,6.0,7.0,3796,20.9934
0.0012,0.002,-7.1418,0.0,0.1,,,,,,,
0.0032,0.0016,-7.1426,0.0,0.1,,,,,,,
0.001,0.0028,-7.1075,0.0,0.1,,,,,,,
0.0014,0.0018,-7.149,0.0,0.1,,,,,,,
0.0023,0.0014,-7.1297,0.0,0.1,,,,,,,
0.0035,0.0032,-7.1304,0.0,0.1,,,,,,,
0.0014,0.001,-7.2049,0.0,0.1,,,,,,,
0.0028,0.0024,-7.1283,0.0,0.1,,,,,,,
0.0018,0.0023,-7.1522,0.0,0.1,,,,,,,
0.0032,0.0027,-7.1688,0.0,0.1,,,,,,,
0.001,0.0013,-7.1231,0.0,0.1,,,,,,,
0.0032,0.0025,-7.1159,0.0,0.1,,,,,,,
0.0011,0.0007,-7.161,0.0,0.1,,,,,,,
0.0015,0.0011,-7.1655,0.0,0.1,,,,,,,
0.0026,0.003,-7.1735,0.0,0.1,,,,,,,
,,,,,122658,11520,459000,6.0,7.0,3921,21.0388
0.0018,0.0016,-7.1643,0.0,0.1,,,,,,,
0.0022,0.0023,-7.2071,0.0,0.1,,,,,,,
0.0007,0.0005,-7.1861,0.0,0.1,,,,,,,
0.002,0.002,-7.1279,0.0,0.1,,,,,,,
0.0017,0.0021,-7.1547,0.0,0.1,,,,,,,
0.0028,0.0018,-7.1629,0.0,0.1,,,,,,,
0.0025,0.0017,-7.112,0.0,0.1,,,,,,,
0.0016,0.0019,-7.1362,0.0,0.1,,,,,,,
0.0016,0.0014,-7.1387,0.0,0.1,,,,,,,
0.0011,0.0005,-7.1573,0.0,0.1,,,,,,,
0.0025,0.0017,-7.1431,0.0,0.1,,,,,,,
0.0036,0.0034,-7.1626,0.0,0.1,,,,,,,
0.0012,0.0009,-7.1097,0.0,0.1,,,,,,,
0.0022,0.0018,-7.1731,0.0,0.1,,,,,,,
,,,,,125108,11870,473000,6.0,7.0,4038,21.0219
0.0023,0.0018,-7.1822,0.0,0.1,,,,,,,
0.0008,0.0008,-7.2263,0.0,0.1,,,,,,,
0.0039,0.0036,-7.1923,0.0,0.1,,,,,,,
0.0006,0.0003,-7.2356,0.0,0.1,,,,,,,
0.0028,0.0032,-7.1055,0.0,0.1,,,,,,,
0.0008,0.0009,-7.1467,0.0,0.1,,,,,,,
0.0035,0.0032,-7.1483,0.0,0.1,,,,,,,
0.0006,0.0005,-7.243,0.0,0.1,,,,,,,
0.0028,0.0033,-7.1972,0.0,0.1,,,,,,,
0.0014,0.0015,-7.1998,0.0,0.1,,,,,,,
0.0026,0.0024,-7.1704,0.0,0.1,,,,,,,
0.0018,0.0018,-7.1886,0.0,0.1,,,,,,,
0.0008,0.0005,-7.2021,0.0,0.1,,,,,,,
0.003,0.0028,-7.1215,0.0,0.1,,,,,,,
,,,,,127558,12220,487000,6.0,7.0,4154,20.977
0.0019,0.0016,-7.1803,0.0,0.1,,,,,,,
0.0008,0.0016,-7.1482,0.0,0.1,,,,,,,
0.0028,0.0021,-7.1878,0.0,0.1,,,,,,,
